category,standardized_repair_type,frequency,example_items,est_hours,material_cost,sub_cost,notes
Exterior,Repair/seal cracks in driveway,59,Repair cracks in driveway; Patch or seal cracks in driveway to prevent moisture penetration; Repair cracks with displacement in driveway,,,,
Exterior,Secure/repair/replace damaged siding,60,Secure loose siding; Repair or replace damaged siding; Repair or replace hole(s) in vinyl siding,,,,
Exterior,Trim/remove vegetation in contact with home,37,Trim vegetation in direct contact with home for moisture and insect control; Remove vines growing against home siding; Prune or remove vegetation in contact with or within 1-2 feet of home,,,,
Exterior,Secure/install handrail or railing,47,Secure loose deck railings; Install graspable handrail at deck stairs; Install missing handrail at porch stairs,,,,
Exterior,"Seal exterior penetrations, gaps, and holes",39,"Seal exterior wall penetrations; Seal gaps where pipes, wiring, exhaust vents enter the home with caulking; Caulk all exterior components including windows, doors, masonry ledges, corners, and utility penetrations",,,,
Exterior,Repair/seal cracks in patio or walkway,27,Seal or patch cracks along exterior patio; Patch and seal minor cracks in walkway; Seal cracks in rear patio to prevent moisture and pest intrusion,,,,
Exterior,Repair/replace fascia and soffit,17,Repair damaged fascia and soffit; Secure loose soffits to seal out moisture and pests; Repair damaged eaves,,,,
Exterior,Install/extend downspouts and splash blocks,15,Install splash blocks or downspout extensions to divert water away from foundation; Extend downspouts at least five feet away from foundation; Install missing splash blocks at multiple downspouts,,,,
Exterior,Regrade soil or improve drainage away from foundation,11,Improve grading slope away from foundation; Regrade soil to slope away from foundation; Pull grading away from siding to eliminate ground contact,,,,
Exterior,Repair/replace deck boards,13,Repair or replace cracked and weathered/worn deck boards; Replace wood rot deck boards; Replace rotted/damaged deck boards,,,,
Exterior,Repair/replace fence boards or sections,11,Repair or replace loose and damaged fence boards; Repair damaged fence sections; Secure loose section of fence,,,,
Exterior,Trim tree branches near roof or structure,13,Trim tree branches overhanging the roof; Trim tree limbs within 10 feet of roof; Evaluate and address tree in close proximity to structure,,,,
Exterior,Repoint or seal mortar joints,17,Repoint/seal gaps in mortar joints to prevent moisture penetration; Repair loose mortar joints in brick siding; Seal and/or repair cracked mortar joints to prevent moisture penetration,,,,
Exterior,Remove wasp/bee nests from exterior,10,Remove wasp nests from exterior surfaces; Remove wasp nests under soffits; Remove wasp/bee nests from exterior surfaces,,,,
Exterior,Paint or repaint exterior wood trim/fascia/siding,11,Paint exterior wood trim with proper preparation; Repaint siding with proper preparation to prevent moisture penetration; Paint weathered and peeling exterior wood fascia,,,,
Exterior,Repair/treat wood rot at exterior trim or framing,8,Repair or replace wood rot at rear entry door casement; Repair wood rot at rear entry door casement/framing; Replace wood rot deck railings,,,,
Exterior,Clean gutters and adjust for proper drainage,5,Clean leaves and debris from gutters; Adjust sagging gutter for proper drainage,,,,
Exterior,Replace or repair window/door screens,8,Replace missing window screens; Repair or replace torn/damaged window screens; Repair damaged deck screens,,,,
Exterior,Replace damaged weatherstripping on exterior doors,4,Replace damaged weatherstripping on exterior door; Replace damaged weatherstripping on garage door,,,,
Exterior,Pressure wash and treat deck,3,Pressure wash deck and apply wood preservative,,,,
Exterior,Evaluate and repair retaining wall or erosion,9,Evaluate and repair leaning/shifted retaining wall; Evaluate and address erosion on property; Repair erosion around patio to prevent further settlement,,,,
Exterior,Repair or install deck stair riser boards,4,Install riser boards on deck stairs to prevent tripping,,,,
Exterior,Install missing deck joist hangers or ledger strips,2,Install missing joist hangers or ledger strips to support deck joist ends,,,,
Exterior,Repair/replace exterior stairs or walkway settlement,6,Repair or replace deteriorated exterior stairs; Evaluate and repair settled front walkway; Repair uneven walkway to eliminate tripping hazard,,,,
Exterior,Clean mildew or debris from exterior siding,3,Clean mildew growth from siding,,,,
Plumbing,Secure loose toilet to floor / replace wax ring,57,Secure loose toilet to floor flange to prevent leaks; Re-secure loose toilet on flange and inspect seal for leaks; Secure loose toilet at floor anchor bolts and evaluate wax ring to prevent leaking,,,,
Plumbing,Install expansion tank on water heater,40,Install expansion tank on water heater; Install expansion tank on cold water inlet of water heater; Evaluate and install expansion tank at water heater,,,,
Plumbing,Adjust water heater temperature to safe level (120°F),24,Adjust water heater temperature to 120 degrees to prevent scalding; Adjust water heater thermostat to safe temperature (108-120 degrees); Adjust water heater temperature to 120-130 degrees,,,,
Plumbing,Repair/replace leaking exterior hose bib or faucet,24,Repair leaking exterior faucet handles; Repair or replace leaking exterior hose bib; Repair or replace dripping exterior faucet,,,,
Plumbing,Repair or replace sink stopper / pop-up assembly,36,Repair inoperable sink stopper; Replace missing pop-up assembly on sink; Adjust sink stopper for proper function,,,,
Plumbing,Secure/repair loose hose bib to exterior wall,19,Secure hose bib to exterior wall; Secure unsecured hose bibs; Properly secure loose exterior hose bibs to side of home,,,,
Plumbing,"Seal gap at bathtub/shower surround, floor, or wall",32,Seal gap between downspout and bathtub surround; Seal gap between bathtub/shower and floor to prevent water penetration; Seal gap between bathtub and wall surround,,,,
Plumbing,Repair or replace leaking showerhead / secure showerhead arm,27,Repair or replace leaking showerhead; Secure loose showerhead arm at wall connection; Replace/install Teflon tape on showerhead arm threads to eliminate leak,,,,
Plumbing,Install or adjust pressure regulating valve (PRV),19,"Adjust water pressure regulator to bring pressure within 40-80 psi range; Install or adjust pressure regulating valve to reduce water pressure below 80 PSI; Install, adjust, or replace pressure regulating valve to reduce excessive water pressure",,,,
Plumbing,Replace accordion/S-trap drain pipe with PVC drain pipe,16,Replace accordion style drain pipe under sink with standard PVC drain pipe; Replace S-trap with vented P-trap under sink; Replace flexible accordion drain piping with proper drain line under sink,,,,
Plumbing,"Clear slow-draining sink, tub, or drain",16,Evaluate and repair slow-draining sink; Clear slow draining bathroom sink(s); Clear slow-draining bathtub,,,,
Plumbing,Repair shower diverter,9,Repair or replace shower diverter that does not fully divert water to shower; Repair shower diverter that does not fully divert water to shower head; Repair shower diverter that does not fully divert water to shower,,,,
Plumbing,Repair active leak at drain line or plumbing fixture,17,Repair active leak at drain line; Repair active leak under master bathroom sink; Repair active water leak at bathtub water fixture,,,,
Plumbing,Install dishwasher drain high loop or air gap,10,Install high loop or air gap at dishwasher drain line; Install proper dishwasher drain high loop or air gap; Install or correct dishwasher drain high loop,,,,
Plumbing,Secure loose sink faucet at base,11,Tighten loose kitchen sink faucet at base; Secure loose kitchen sink faucet; Secure loose sink faucet,,,,
Plumbing,Repair or replace kitchen faucet / sprayer,10,Repair kitchen sink sprayer; Replace leaking kitchen sprayer handle; Repair or replace kitchen faucet diverter for proper sprayer function,,,,
Plumbing,Bond/ground CSST gas piping,6,Bond CSST gas piping at solid gas piping before first CSST connection or at gas meter; Bond CSST gas piping at solid gas piping before first CSST connection or at gas meter with bonding/grounding rod; Install grounding/bonding strap at gas meter,,,,
Plumbing,Scrape and paint rusted gas lines to prevent corrosion,9,Scrape and paint rusted exterior gas lines to prevent further corrosion; Scrape and paint rusted gas lines at natural gas meter to prevent further corrosion,,,,
Plumbing,Install missing sediment trap on gas supply line,3,Install missing sediment trap on gas fuel supply line,,,,
Plumbing,Install TPR valve discharge pipe on water heater,4,Install missing TPR valve discharge pipe on water heater; Install 3/4 inch CPVC or copper discharge pipe at water heater pressure relief valve routed to exterior,,,,
Plumbing,Water heater maintenance / ancillary repairs,12,Install missing service shutoff at water heater; Install drip pan under water heater; Properly support and secure expansion tank at water heater,,,,
Plumbing,Sewer scope inspection,9,"Conduct sewer scope inspection; Sewer scope inspection recommended; Perform sewer scope inspection of drain, waste, and vent pipes",,,,
Plumbing,Seal gaps around supply/drain line wall penetrations and countertops,15,Seal gaps between wall coverings/cabinets and water supply/drain lines; Seal gap between countertop and sidesplash/backsplash to prevent water penetration; Seal gaps around kitchen sink and countertop,,,,
Plumbing,Repair reversed hot/cold water connections,4,Repair reversed hot and cold water connections at sink; Correct reversed hot and cold water supplies; Repair and secure faucet installed backwards and loose,,,,
Plumbing,Replace washing machine supply hoses with stainless braided hoses,4,Replace rubber washing machine supply hoses with stainless braided hoses,,,,
Plumbing,Locate/identify main water shut-off valve or meter,7,Locate and identify main water shut-off valve; Locate and identify water meter,,,,
Plumbing,Insulate exposed water lines to prevent freezing,2,Insulate exposed water line to prevent freezing,,,,
Plumbing,Evaluate/repair rusted or deteriorating drain lines,2,Evaluate and repair rusted cast iron drain lines,,,,
Plumbing,"Repair toilet functional issues (flush, leak at base)",4,Repair toilet that does not flush; Repair toilet leaking at base,,,,
Plumbing,Replace missing laundry/washer box face trim,3,Replace missing face trim on laundry room washer box,,,,
Electrical,Install/replace blank cover plates on junction boxes and panels,45,Install blank cover plates on open electrical junction boxes; Install missing covers on electrical junction boxes; Replace missing cover screws on main electrical panel,,,,
Electrical,Install/replace cover plates on receptacles and switches,44,Replace missing receptacle cover plates; Install missing cover plates on receptacles; Replace missing light switch cover plates,,,,
Electrical,Install or replace GFCI receptacles/protection,57,Install GFCI receptacles in kitchen where not present; Install GFCI protection at all locations near water sources; Install GFCI receptacles in bathrooms where not present,,,,
Electrical,Repair or replace non-functioning GFCI receptacle,23,Replace non-functioning GFCI receptacle; Repair or replace non-resetting GFCI receptacle; Repair or replace GFCI outlets that do not trip when tested,,,,
Electrical,Install smoke detectors at all required locations,52,Install additional smoke detectors in all bedrooms and adjoining hallways; Install smoke alarms at all required locations; Replace missing smoke detectors,,,,
Electrical,Replace smoke detectors older than 10 years,14,Replace smoke detectors that are over 10 years old; Replace smoke detectors older than 10 years; Replace smoke detectors that are 10 or more years old,,,,
Electrical,Install carbon monoxide detectors at required locations,61,Install permanent carbon monoxide detectors on each floor and near each bedroom; Install carbon monoxide detector; Install CO detectors at all recommended locations,,,,
Electrical,Secure loose electrical receptacles/outlets to wall boxes,30,Secure loose electrical receptacles to wall boxes; Secure unsecured electrical outlets; Secure loose electrical outlet(s),,,,
Electrical,Repair or replace inoperable light fixture or bulb,46,Repair or replace inoperable light fixture; Replace burned out interior light bulbs and retest fixtures; Evaluate and repair non-functional light fixture,,,,
Electrical,Secure or seal exterior light fixtures,22,Seal gaps around exterior light fixtures to prevent water penetration and pest entry; Secure loose exterior light fixtures; Repair or replace non-functioning exterior light fixture,,,,
Electrical,"Install missing light globes, cages, or covers on fixtures",12,Install missing light globe in closet(s); Install missing globe on lighting fixture; Install missing protective cages on exposed light fixtures,,,,
Electrical,Place exposed Romex/wiring under sink or interior in conduit,27,Place exposed Romex wiring under kitchen sink in conduit; Install protective covering over exposed Romex wiring at garbage disposal; Place exposed wiring under kitchen sink into conduit to prevent damage,,,,
Electrical,Install conduit over exposed exterior wiring,13,Install conduit to protect exposed exterior wiring from physical damage; Place exposed exterior electrical wiring in conduit to protect from damage; Install protective conduit on 240 volt electrical wire to HVAC disconnect,,,,
Electrical,Correct open or improper wire splices and enclose in covered junction boxes,15,Correct open/improper electrical wire splices and place in covered junction boxes; Place open line splices into junction boxes with cover plates; Correct open/improper wire splices and place in junction boxes with cover plates,,,,
Electrical,Install weatherproof/GFCI cover plates on exterior receptacles and switches,12,Install weatherproof cover plate on exterior receptacle; Replace missing or damaged cover on exterior outlet; Install weatherproof cover plate on exterior light switch,,,,
Electrical,Ground ungrounded receptacles or install GFCI protection as alternative,18,Properly ground three-prong receptacles or install GFCI protection on ungrounded receptacles; Ground ungrounded receptacles; Properly ground all ungrounded receptacles throughout home,,,,
Electrical,Correct reverse polarity wiring at receptacles,3,Correct reverse polarity wiring at receptacles,,,,
Electrical,"Repair electrical panel deficiencies (double-taps, loose wires, knockouts, bushings)",30,Properly terminate loose wires inside electrical panel with wire nuts; Repair double-tapped breakers in electrical panel; Install bushings where wires enter the main electrical panel to prevent wire damage,,,,
Electrical,Separate ground and neutral wires onto separate bus bars in sub-panel,5,Separate ground and neutral wires onto separate bus bars in sub panel; Separate double-tapped ground and neutral wires on bus bar in main panel; Repair double-tapped neutral wires in main electrical panel,,,,
Electrical,Properly identify/mark hot white wires in electrical panel,6,Properly identify white wires used as hot wires in electrical panel,,,,
Electrical,Remove extension cord used as permanent wiring and install proper wiring,6,Remove extension cord used as permanent wiring and install proper electrical wiring,,,,
Electrical,Install electrical disconnect at water heater,6,Install electrical disconnect at water heater,,,,
Electrical,Secure loose electrical wiring in crawlspace/basement to joists,5,Secure electrical wiring off ground and attach to floor joists; Secure loose electrical wires throughout crawlspace,,,,
Electrical,Evaluate and address older braided cloth NM wiring,3,Evaluate and address braided cloth NM wiring,,,,
Electrical,Drive/install grounding rods at electrical meter and service entrance,10,Drive ground rod(s) flush with the ground at electrical meter; Install grounding rods at electrical meter; Bury ground wire at service entrance to protect from damage,,,,
Electrical,Repair or replace inoperable ceiling fan or doorbell,13,Repair or replace inoperable ceiling fan; Balance and properly secure wobbly ceiling fan; Repair non-operational doorbell,,,,
Electrical,Replace damaged or broken receptacle/outlet,5,Replace damaged outlet; Replace outlet with broken plastic safety prongs lodged in receptacle; Repair loose wall outlet,,,,
Windows/Doors,Replace/install missing or damaged window screens,48,Replace missing window screens; Repair or replace torn/damaged window screens; Install missing exterior window screens,,,,
Windows/Doors,Repair/replace failed insulated glass seal (foggy/condensation between panes),19,Replace windows with failed seals showing condensation between panes; Repair or replace failed seal on double-pane window glass; Replace failed hermetic seal between double panes causing fogging,,,,
Windows/Doors,Repair/replace cracked or broken window glass,9,Repair or replace cracked window pane; Replace broken window pane; Repair or replace cracked storm window glass,,,,
Windows/Doors,Repair/replace window balances or counterbalance mechanism,10,Repair or replace window balances to prevent windows from falling; Repair broken window balances so windows stay open; Repair damaged window counterbalance mechanism,,,,
Windows/Doors,Free/repair inoperable or stuck windows (egress concern),11,Free stuck windows to allow emergency egress; Repair inoperable windows that are stuck or painted shut for emergency egress; Repair or adjust inoperable windows that cannot be opened or closed,,,,
Windows/Doors,"Repair/replace window latches, tilt latches, or crank hardware",11,Repair or replace broken and missing window tilt latches; Replace missing window crank handles and confirm proper operation; Repair or replace window latch that does not latch properly,,,,
Windows/Doors,"Seal gaps around window frames (air, water, insect infiltration)",11,"Seal gaps around interior window frames to prevent air, water, and insect entry; Seal gaps around interior window frames; Seal full-size bathroom window in shower area to prevent water penetration",,,,
Windows/Doors,Replace/repair weatherstripping on exterior or entry doors,26,Replace damaged weatherstripping on side entry door; Replace damaged weatherstripping at rear entry door; Install missing weatherstripping on exterior door,,,,
Windows/Doors,Replace/repair door sweep,3,Replace damaged door sweep on rear entry door; Seal gaps around entry door when closed; Repair exterior door that does not fully seal when closed,,,,
Windows/Doors,Adjust or trim sticking/binding door for proper operation,28,Adjust or trim front entry door to allow proper operation; Adjust or trim sticking door to allow proper closure; Adjust interior doors that are rubbing against door frames,,,,
Windows/Doors,"Repair/adjust door latch, strike plate, or catch plate",24,Repair door latch and/or strike plate so door latches properly; Adjust catch plate so door closes properly; Install missing strike plate on closet door,,,,
Windows/Doors,Repair/adjust deadbolt for proper locking,5,Adjust deadbolt and catch plate to allow proper locking; Adjust deadbolt and catch plate to allow proper closure; Install deadbolt on exterior front door,,,,
Windows/Doors,Secure or replace loose/missing door knobs and locksets,9,Secure loose door knob; Replace missing or damaged door hardware; Repair or replace non-functioning door lockset,,,,
Windows/Doors,Install or repair door stops,4,Install missing door stops on interior doors,,,,
Windows/Doors,Install missing or replace damaged closet doors,5,Install missing closet doors; Install missing closet door; Realign misaligned bi-fold door,,,,
Windows/Doors,Repair/replace damaged interior door,6,Repair or replace damaged interior door; Repair patched/damaged door; Repair minor damage to door,,,,
Windows/Doors,Repair/replace wood rot on exterior door casings or trim,10,Repair or replace wood rot at rear entry door casement/trim; Repair wood rot at exterior door casements; Repair or replace damaged door casement,,,,
Windows/Doors,"Repair/replace damaged garage door panels, trim, or opener",7,Repair or replace damaged garage door panels; Repair damaged overhead garage door; Reconnect and test garage door opener,,,,
Windows/Doors,Repair garage door auto-reverse safety function,1,Repair garage door auto-reverse safety function,,,,
Windows/Doors,Repair/replace storm door closer or screen door,5,Install missing door closer on right side storm door; Repair or replace bent closer on storm door; Replace torn/loose screens at entry screened storm door,,,,
Windows/Doors,Repair/replace damaged door frame or jamb,4,Repair gap at door jamb; Repair or replace cracked door frame; Properly frame interior door that is not plumb,,,,
Windows/Doors,Caulk/seal around exterior door frames to prevent moisture intrusion,5,"Refresh caulking around rear entry door to seal gaps and prevent moisture penetration; Seal, repair, or replace damaged door trim to prevent moisture intrusion; Paint or seal exterior doors and windows to prevent moisture intrusion",,,,
Windows/Doors,Install fire-rated door between garage and living space,1,Proper fire-rated separation door not present between garage and living space - install 20-minute fire rated or solid wood/steel door,,,,
Windows/Doors,Repair/replace door threshold or toeboard,2,"Install missing toeboard under entry door threshold; Repair side door strike on jamb, install weather stripping, repair deteriorated door frame bottom, and install proper exterior door threshold",,,,
Windows/Doors,"Refinish, paint, or replace missing hardware on exterior doors",5,Refinish and/or paint front entry door; Replace missing/damaged/loose kick plate at exterior door; Install missing hinge screws at front entry door,,,,
Interior,"Repair cracks in walls and ceilings (settling, minor, moderate)",34,Repair settling cracks in walls and ceilings; Repair minor/moderate cracks in walls and ceilings; Patch settling cracks on walls over doors,,,,
Interior,"Patch/repair drywall seam tape, nail pops, and holes",27,"Patch loose seam tape on ceiling; Secure loose nails and patch nail pops in ceilings; Patch or replace cracked, loose, and missing seam tape on walls and ceilings",,,,
Interior,"Repair or replace damaged flooring (hardwood, laminate, vinyl, general)",25,Repair or replace damaged flooring; Repair gaps between flooring planks; Evaluate and repair scratched flooring,,,,
Interior,Replace or repair cracked/damaged floor tiles,17,Replace cracked/damaged floor tiles; Repair or replace cracked floor tiles; Replace broken floor tiles,,,,
Interior,Repair or replace damaged/stained carpet,13,"Repair or replace damaged carpet; Clean or replace stained carpet; Properly install carpet - seal gaps, re-stretch loose carpet, replace missing carpet",,,,
Interior,"Paint and finish walls and ceilings (touch-up, water stains, patches)",22,"Touch up paint on trim, walls, and ceilings throughout home; Paint moisture-stained ceiling with proper preparation and monitor for future issues; Finish wall and ceiling patches with proper preparation and paint",,,,
Interior,"Repair or replace water-damaged walls, ceilings, and flooring",12,Repair or replace water-damaged walls and ceilings from previous leak; Evaluate and repair ceiling water stains from previous leak; Repair moisture-damaged wall coverings and framing,,,,
Interior,"Seal/caulk countertop gaps, backsplash, and bathroom fixtures",18,Seal gap between kitchen countertop and backsplash/sidesplash; Refresh caulking at fixtures to prevent water intrusion; Apply caulking around countertops where gapped or missing,,,,
Interior,Repair/seal tile grout and caulk in shower/tub surround,7,"Seal gaps and cracks in grout in shower/bathtub surround; Repair tile grout deficiencies (loose, damaged, or missing grout); Repair or replace cracked/chipped countertop",,,,
Interior,Repair or replace damaged cabinets and cabinet components,17,Repair damaged cabinets; Repair or replace water-damaged cabinet base under kitchen sink; Repair or replace damaged/missing cabinet drawer stops,,,,
Interior,"Adjust, secure, or replace cabinet doors, hinges, and hardware",14,Secure loose cabinet door hinges; Adjust hardware on misaligned kitchen cabinet drawers and doors; Install cabinet pulls and knobs,,,,
Interior,Install or secure handrail at interior stairway,14,Install missing handrail at interior stairway; Properly terminate handrails into wall or newel post; Secure loose handrail at stairs,,,,
Interior,"Repair or replace interior trim, molding, and baseboards",9,Replace missing trim; Seal gaps in crown molding; Repair or replace damaged and missing interior trim in multiple areas,,,,
Interior,Repair or replace damaged/missing countertop,5,Repair or replace damaged countertop; Repair or replace cracked/chipped countertop; Clean and recaulk damaged/deteriorated caulk at backsplash and counter,,,,
Interior,Repair or replace attic pull-down stairs,7,Repair or replace damaged attic pull-down stairs that do not close properly; Replace and secure loose/missing hardware at attic pull down stairs; Repair or replace damaged/missing step at attic pull down stairs,,,,
Interior,"Evaluate and repair unlevel, sagging, or soft subfloor/floor framing",7,Evaluate and level unlevel floors; Repair soft area in floor (possible subfloor damage); Evaluate and repair floor framing to address unlevel and sagging floors,,,,
Interior,Secure subfloor to eliminate squeaking floors,2,Secure subfloor to framing to eliminate squeaking floors; Repair spongy floor at tub area,,,,
Interior,"Secure loose railings, fixtures, and bars to wall",6,Secure loose interior balcony railings; Secure unsecured bar/fixture to wall; Secure towel bar/fixture to wall,,,,
Interior,Install or replace doorstop and repair wall damage from doorknob,3,Repair hole in wall caused by doorknob and install doorstop; Install missing door stops at interior doors to prevent wall damage,,,,
Interior,Repair or replace closet shelving,2,Replace missing or damaged closet shelving; Repair or replace missing/damaged closet shelving,,,,
Interior,Evaluate and remediate mold/fungal growth on interior surfaces,4,Evaluate and remediate suspect fungal growth on walls; Evaluate and remediate fungal growth on walls; Remediate possible microbial growth at kitchen air supply vent,,,,
Interior,Repair fireplace/flue components and clean firebox,5,Clean creosote build-up from firebox and flue; Repair or replace non-functioning flue damper door; Repair or replace cracked fireplace hearth,,,,
Interior,Secure loose transition strip,2,Secure loose transition strip to prevent tripping hazard,,,,
Interior,Refinish or cosmetically repair worn flooring surfaces,3,Refinish floors showing moderate surface wear along major travel paths; Repair damaged hardwood flooring; Repair cosmetic wear on walls and ceilings,,,,
HVAC,Replace dirty air filter(s),32,Replace dirty return air filters; Replace dirty HVAC air filter; Replace dirty/clogged furnace air filters,,,,
HVAC,Repair/replace refrigerant lineset insulation,42,Repair or replace missing/damaged lineset insulation at AC suction line; Extend and seal lineset insulation to contact evaporator core/air handler; Repair or replace missing or damaged insulation on refrigerant line,,,,
HVAC,Clean and service HVAC unit,18,"Clean and service HVAC system; Clean, service, and certify exterior HVAC split system unit due to age; Service A/C unit to bring temperature differentials within normal range",,,,
HVAC,Evaluate and service aging/end-of-life HVAC unit,14,"Have qualified HVAC contractor evaluate aging cooling unit; Have HVAC unit professionally evaluated and serviced; unit is 25+ years old and near end of service life; Exterior AC unit beyond average life expectancy - clean, service, and certify",,,,
HVAC,Evaluate and repair non-functioning or underperforming HVAC system,8,Evaluate and repair HVAC system for unsatisfactory cooling temperature differential; Evaluate and repair furnace not functioning properly; Evaluate and repair heat pump for substandard supply air temperature,,,,
HVAC,"Repair/replace condensate drain line (routing, sealing, reconnecting)",20,Extend condensation drain line away from foundation; Reconnect disconnected condensate drain line from furnace; Repair leaking condensation drain lines at furnace,,,,
HVAC,"Install/repair condensate drain components (trap, cleanout, float switch, secondary line)",15,Install trap in condensate drain pipe; Install float switch on attic heating unit; Replace missing caps on condensation drain line cleanout,,,,
HVAC,Evaluate and repair water/rust in auxiliary drain pan; replace rusted drain pan,12,Evaluate furnace and replace heavily rusted drain pan to prevent potential leaks; Service heating unit with rust in overflow drain pan; Replace rusted auxiliary drain pan,,,,
HVAC,Repair/replace or clean ductwork,15,Evaluate and repair air leaks in ductwork; Repair damaged or disconnected ductwork; Clean dirty ductwork interior,,,,
HVAC,Repair/replace ductwork insulation,8,Repair or replace torn and damaged ductwork insulation; Insulate partially uninsulated ductwork; Correct rough or improper patching of duct insulation,,,,
HVAC,Clean AC condensing unit coils and clear vegetation/debris,8,Clean dirty AC condensing unit coils; Clear vegetation and debris restricting airflow to AC condenser; Cut back vegetation too close to HVAC unit to prevent overheating,,,,
HVAC,Level AC condensing unit pad,7,Level AC condensing unit pad; Level the pad under the AC condensing unit; Level outdoor AC unit to ensure proper performance,,,,
HVAC,Repair/improve flue vent clearance from combustibles,6,Correct improper clearance between water heater flue and wood/combustibles; Evaluate and improve flue clearance from wood and combustible materials; Repair improper slope and rusted flue vent,,,,
HVAC,Repair/seal flue vent connections and pipes,5,Repair taped flue vent connections at water heater (tape not approved for flue connections); Evaluate and repair leaking flue pipe at furnace to ensure proper sealing; Evaluate and re-route or properly cap furnace vent pipe through chimney flue,,,,
HVAC,Insulate condensate drain pipe,4,Insulate condensate drain pipe; Insulate drain line from heating unit to prevent sweating; Repair or replace damaged and missing insulation on condensation drain line,,,,
HVAC,Install rain cap where AC lineset enters home,5,Install rain cap where AC lines enter home; Replace damaged or missing rain cap where AC feed lines enter the home; Seal opening where AC lineset enters home with approved exterior sealant,,,,
HVAC,Reroute bathroom exhaust fan to exterior,5,Reroute bathroom exhaust fans to vent to exterior instead of attic; Re-route bathroom exhaust fan duct to vent to exterior rather than into attic space; Reconnect disconnected dryer vent to exterior,,,,
HVAC,"Repair/replace HVAC electrical components (whip, disconnect, wiring, cabinet)",8,Secure electrical whip to side of home at outdoor AC unit; Repair loose safety disconnect on heat pump; Install missing bushing/grommet where electrical wiring enters furnace/air handler cabinet,,,,
HVAC,Install sediment trap at furnace gas line,2,Install sediment trap at furnace gas line; Scrape rust and paint rusted gas lines at package HVAC unit,,,,
HVAC,Clean/inspect chimney flue and fireplace,4,Clean and inspect chimney/vent flue; Clean creosote buildup from fireplace flue; Evaluate and repair brick pulling away from wall behind fireplace mantle,,,,
HVAC,Repair/replace or clean supply and return vent covers/registers,6,Clean dirty vent covers to allow proper air flow; Replace or treat rusted HVAC supply vent covers; Replace damaged floor register,,,,
HVAC,"Evaluate and service furnace (rust, gas odor, age)",5,Evaluate and service furnace due to rust on interior and age of unit; Evaluate and service attic furnace due to gas odor to prevent gas and carbon monoxide leaking into home; Evaluate and service HVAC system due to rust stains in emergency overflow drain pan,,,,
HVAC,Repair or install missing ductwork and duct connections,5,Install missing HVAC duct in interior room; Elevate crawlspace ductwork off ground using straps; Repair or replace rusted ductwork in crawlspace,,,,
HVAC,Reconnect and service whole house fan,2,Reconnect and test disconnected whole house fan; Replace noisy exhaust fan to ensure proper ventilation,,,,
HVAC,Secure or replace thermostat,3,Secure loose thermostat to wall; Secure and properly install thermostat wiring in conduit along exterior of home; Remove double filtration by eliminating wall/ceiling return filters and using only the whole house filter,,,,
Foundation/Structural,Remove debris from crawlspace,12,Remove debris from crawlspace ground; Remove wood and debris from crawlspace ground; Remove old furnace and construction debris from crawlspace,,,,
Foundation/Structural,Seal/patch cracks in concrete slab (garage or exterior),23,Seal cracks in garage slab; Seal hairline cracks in garage concrete slab to prevent water penetration; Patch cracks in exterior slab and garage foundation to prevent moisture intrusion,,,,
Foundation/Structural,Remediate fungal/mold growth on crawlspace framing or subfloor,24,Remediate surface fungi on crawlspace framing members; Evaluate and remediate fungal growth on floor structure in crawlspace; Mold testing and remediation of fungal growth on floor structure,,,,
Foundation/Structural,Address elevated wood moisture levels in crawlspace framing,12,Address elevated wood moisture levels (20%-28%) in crawlspace framing; Make necessary repairs to lower elevated moisture levels above 20% in crawlspace; Remediate high moisture levels in crawlspace to reduce wood moisture content below 20%,,,,
Foundation/Structural,Evaluate and repair moisture infiltration source in crawlspace,17,Evaluate and repair source of moisture infiltration in crawlspace; Evaluate and repair source of past/present moisture infiltration below grade; Evaluate and correct water penetration in crawlspace indicated by dried mud at various areas,,,,
Foundation/Structural,Install or repair crawlspace vapor barrier,6,Extend vapor barrier to achieve full coverage of crawlspace soil; Replace mud-covered vapor barrier sections; Install plastic vapor barrier on crawlspace ground to control moisture levels,,,,
Foundation/Structural,Address standing water in crawlspace,5,"Evaluate and remediate standing water in crawlspace, consider French drain and sump pump; Remove standing water and address moisture source in crawlspace; Identify source of and remediate standing water in crawlspace",,,,
Foundation/Structural,Repair or replace crawlspace access door and frame,10,Seal gaps around crawlspace access door; Replace damaged and loose crawlspace access door; Replace self-latching crawlspace entry door closure with bolt-style latch to prevent accidental entrapment,,,,
Foundation/Structural,"Repair/seal crawlspace ventilation openings (screens, grade issues, gaps)",12,"Repair ventilation openings at or below grade to prevent water infiltration; Repair or replace torn, missing, or damaged crawlspace ventilation screens; Install screens and dampers on open crawlspace vent spaces to prevent pest entry",,,,
Foundation/Structural,Install vent wells around below-grade crawlspace vents,3,Install vent wells around crawlspace vents in contact with ground; Repair crawlspace ventilation openings at or below grade to prevent water infiltration; Improve crawl space ventilation to meet current standards (1 sq ft per 150 sq ft),,,,
Foundation/Structural,"Seal gaps in foundation wall (pipes, wires, penetrations, general)",8,Seal gaps around pipe and wire penetrations at foundation wall; Seal gaps in foundation wall to prevent moisture and pest penetration; Remove spray foam and properly seal openings in foundation wall with exterior rated material,,,,
Foundation/Structural,Patch cracks in foundation wall or foundation exterior coating,8,Patch cracks in foundation wall; Repair cracked and chipping stucco/parge coating on foundation exterior; Evaluate and monitor cracks in cinder block foundation wall; seal to prevent moisture infiltration,,,,
Foundation/Structural,"Evaluate and repair structural foundation wall issues (displacement, bowing, step cracking, out-of-plumb)",5,Evaluate and repair foundation wall cracks with lateral displacement or movement; Evaluate and repair out-of-plumb foundation wall; Contact structural engineer to evaluate and repair cracks in foundation,,,,
Foundation/Structural,Address efflorescence on foundation walls or floor structure,9,Remediate water intrusion indicated by water lines and efflorescence stains; Address efflorescence and moisture penetration on foundation; Evaluate and repair efflorescence and discoloration on crawlspace foundation walls caused by moisture migration,,,,
Foundation/Structural,Repair or replace damaged/rotted subfloor or floor decking,12,Repair damaged subfloor; Evaluate and repair or replace water-damaged subfloor; Evaluate and repair or replace deteriorated floor decking under bathtub,,,,
Foundation/Structural,"Repair wood rot or moisture damage in floor joists, sill plates, or beams",11,Repair wood rot in floor structure; Evaluate and repair moisture-affected joists and beams; Repair moisture-damaged sill and floor joists,,,,
Foundation/Structural,Evaluate and repair crawlspace pier and support column issues,13,Evaluate and repair shifted girders not properly aligned with piers; Repair improper/leaning floor support columns resting on wood; Evaluate and repair improperly stacked piers in crawlspace,,,,
Foundation/Structural,"Repair unconventional or damaged floor framing (cut joists, unsupported spans, sagging)",14,"Repair unconventional supplemental floor structure support; Repair cut floor joists near plumbing drains; Full floor structure evaluation and repair (unsupported joists, leaning piers, unconventional supports, missing insulation)",,,,
Foundation/Structural,"Termite inspection, treatment, and repair of termite damage",6,Evaluate and treat home for termites as needed; Treat home for termites and repair termite-damaged subfloor; Evaluate and repair termite-damaged floor and rim joists,,,,
Foundation/Structural,Repair or evaluate attic/roof framing and structural components,6,Repair or replace damaged roof/ceiling structure support in attic; Repair improper rafter connections or gaps at rafters and ridge beams; Evaluate and repair unconventional roof framing at make-shift valley where two gables meet,,,,
Foundation/Structural,"Secure or remove loose attic framing components (truss spacers, crossbracing, supports)",4,Remove or properly secure loose truss spacers in attic; Secure loose support/framing in attic; Secure loose and unsecured crossbracing pieces in crawlspace,,,,
Foundation/Structural,"Evaluate and repair sloped, settled, or uneven flooring",3,Evaluate and repair sloped flooring indicating settling or movement; Repair sloping and sagging floors associated with unconventional support below; Evaluate and repair bow in wall,,,,
Foundation/Structural,Repair grading or drainage at foundation to prevent moisture intrusion,3,Repair grading at foundation to drain water away from home; Evaluate grading and gutter system and repair to prevent moisture penetration causing efflorescence on crawlspace foundation walls; Evaluate and compact/repair soft ground at front of house,,,,
Foundation/Structural,Install dehumidifier or improve crawlspace ventilation for moisture control,3,Monitor borderline moisture levels and install dehumidifier if levels exceed 20%; Address condensation in crawlspace (consider dehumidifier and sealing foundation vents); Improve crawl space ventilation to meet current standards (1 sq ft per 150 sq ft),,,,
Roofing,Clean gutters and downspouts,34,Clean debris from gutters; Clean gutters and downspouts of leaves and debris; Clean heavy leaf and debris buildup from gutters,,,,
Roofing,Install/extend downspout extensions or splash blocks,22,Install splash blocks or downspout extensions to divert water away from foundation; Extend downspouts to drain at least 6 feet from foundation; Install missing splash blocks at downspout bases,,,,
Roofing,Repair or replace damaged/missing shingles,30,Repair or replace damaged shingles; Replace missing or damaged shingles; Repair or replace torn and damaged shingles/tabs,,,,
Roofing,Seal exposed nail heads on roof surface,25,Seal exposed nail heads on roof shingles to prevent water penetration; Seal exposed nail heads in ridge vent/flashing with roofing compound; Caulk all exposed nail heads along roof line to prevent water penetration,,,,
Roofing,Repair or replace vent pipe boots/flashing boots,20,Replace cracked rubber boots around plumbing vent pipes; Repair or replace heavily sealed flashing boots; Seal lifted flashing boot flanges to roof surface to prevent water infiltration,,,,
Roofing,Paint or treat PVC/metal plumbing vent pipes,11,Paint PVC plumbing vent pipes to protect from UV deterioration; Sand and apply rust-inhibiting paint to rusted galvanized/cast plumbing stack vents; Scrape and paint rusted vent caps on roof to prevent further corrosion,,,,
Roofing,Repair or replace chimney flashing,8,"Repair or replace improperly installed chimney flashing; Investigate and repair flashing around chimney to address attic water stains; Fasten, caulk, and seal lifted flashing",,,,
Roofing,Repair or seal chimney crown/mortar/masonry,10,Seal cracks at chimney crown to prevent water penetration; Tuck point cracked and missing mortar joints on chimney; Repair or replace cracked chimney crown and tuckpoint deteriorated brick mortar,,,,
Roofing,Install chimney cap or rain cap,5,Install missing rain/chimney cap at chimney flue; Install chimney cap; Add raincap to chimney to prevent water and debris from entering flue,,,,
Roofing,Level II chimney inspection,10,Level II chimney inspection by certified chimney sweep; Conduct Level II chimney inspection; Obtain Level II chimney inspection prior to close,,,,
Roofing,Install kick-out flashing at wall-to-roof junctions,9,Install kick out flashing at bottom of junctions of lower roofs and house siding; Install kick-out flashing at wall-to-roof connections; Install missing kick-out flashing at wall-to-roof connections,,,,
Roofing,"Clean moss, algae, or debris from roof surface",9,Clean moss and algae growth from roof shingles; Remove debris/leaves from roof surface; Treat Gloeocapsa Magma (black algae) staining on roof,,,,
Roofing,Trim tree branches overhanging or contacting roof,4,"Trim tree branches overhanging/contacting roof; Trim tree limbs and repair damaged shingles caused by tree limbs; Remove leaf cover, tree limbs, and organic debris from roof surface",,,,
Roofing,Evaluate and repair shingle granule loss or wear,10,Evaluate and repair or replace shingles with granular loss; Evaluate and address granule loss/wear on shingles; Evaluate and replace extensively worn asphalt shingles at end of life expectancy,,,,
Roofing,Repair or replace gutters and downspouts,13,Repair or replace damaged gutters; Seal leaking gutter seams; Reconnect disconnected downspout to drain pipe,,,,
Roofing,Install gutters and downspouts where missing,4,Install gutters and downspouts where missing; Install gutters and downspouts; Downspouts/gutters terminating on roof surface - reroute to discharge into lower guttering,,,,
Roofing,Install gutter screens/guards,4,Clean debris from gutters and install gutter screens; Clean debris from gutters and install screens to prevent clogging; Replace missing/damaged splash guard on gutters,,,,
Roofing,Repair loose or lifted flashing (non-chimney),8,Secure lifting flashing around flue pipes; Resecure loose roof flashing; Secure lifting flashing to prevent moisture penetration,,,,
Roofing,Evaluate and repair roof leaks or water intrusion,12,Evaluate and repair indications of past or present roof leak; Locate and repair source of leak causing water stains on roof and wall structures in attic; Evaluate water staining on roof decking and repair any active leaks,,,,
Roofing,Repair or replace damaged roof decking/sheathing,5,Evaluate and repair dishing/sagging roof structure; Moisture/water damage present on roof sheathing/decking with prior repairs - evaluate and repair as needed; Repair damaged narrow sections of roof sheathing at ridge where ridge vent nails have nothing to secure into,,,,
Roofing,Install or repair drip edge or valley flashing,4,Install missing drip edge flashing at roof edge; Remove debris from valley to prevent potential leak around flashing; Properly enclose and flash make-shift valley where two gables meet to prevent water and pest intrusion,,,,
Roofing,Install chimney cricket,3,Install missing cricket at chimney due to width; Install missing cricket at chimney due to width for proper water flow and to prevent pooling; Install cricket behind chimney at next roof replacement,,,,
Roofing,Seal satellite dish or other roof penetration fasteners,2,Seal lag bolts of satellite dish to prevent water penetration into roof decking; Seal or correct exposed fasteners on roof surface,,,,
Roofing,Repair nail pops or protruding fasteners on roof,5,Repair nail pops on roof surface; Repair protruding roofing shingles; Repair lifted ridge cap shingles due to nail pops,,,,
Other,Chimney inspection (Level II) prior to close,13,Perform Level II chimney inspection prior to close; Schedule Level II chimney inspection; Level II chimney inspection by certified chimney sweep prior to close,,,,
Other,Clean creosote/soot buildup from fireplace flue,14,Clean creosote buildup from fireplace flue; Clean glazed soot and creosote buildup from flue by a qualified CSIA Chimney Sweep and re-inspect; Clean soot buildup from fireplace and flue,,,,
Other,Repair/reline chimney flue liner,12,Evaluate and repair gaps between flue liner and smoke chamber bricks; Repair or replace damaged and cracked clay flue tiles before fireplace is used; Repoint deteriorated mortar joints in clay flue liner to prevent hot gas escape and chimney fire risk,,,,
Other,"Repair chimney crown, wash, or exterior masonry",8,Seal cracks in exterior chimney; Seal cracked mortar wash on chimney crown to prevent water intrusion; Seal cracks in chimney wash and crown to prevent moisture penetration,,,,
Other,"Repair/replace chimney cap, spark arrestor, or rain cap",5,Adjust spark arrestor to proper height over flue; Evaluate and repair or replace rusted chimney cap; Install screen and rain cap over top of fireplace chimney,,,,
Other,"Repair firebox masonry, mortar, or refractory panels",13,Repair cracks along fireplace hearth; Repair or replace cracked refractory panel in fireplace; Repair cracked and damaged firebox mortar and brick,,,,
Other,Repair/replace fireplace damper,10,Replace missing fireplace damper handle; Install missing fireplace damper to prevent heat and air loss; Repair or replace inoperable flue damper on fireplace,,,,
Other,Repair/service gas fireplace logs or pilot light,18,Evaluate and repair gas fireplace logs that would not light; Repair gas logs that are not burning properly and sputtering; Relight pilot light and confirm proper operation of gas fireplace logs,,,,
Other,Install/relocate gas fireplace shutoff valve or damper clamp,6,Install C-clamp to keep fireplace damper open when gas logs are in use; Relocate gas shutoff valve from inside firebox to outside firebox for emergency access; Install accessible gas shutoff valve at fireplace for emergency use,,,,
Other,Clean dryer vent duct / replace with rigid metal duct,11,Clean dryer vent duct to remove heavy lint buildup and prevent fire hazard; Replace flexible dryer exhaust duct with rigid full metal vent to exterior; Repair kinked dryer vent line to ensure proper airflow and minimize turns,,,,
Other,"Pool fence/gate safety repair (self-closing, self-latching)",8,Repair pool fence gates to be self-closing and self-latching with latch minimum 54 inches above grade; Repair or replace substandard self-closing device on pool/spa fence gate; Repair warped pool gate,,,,
Other,Install pool door alarms,6,Install door alarms on all doors leading to pool area,,,,
Other,Install pool handrail or ladder,4,Install handrail or ladder in pool for safe entry and exit,,,,
Other,"Repair pool coping, decking, or skimmers",8,Repair and secure damaged and loose pool coping around perimeter; Repair cracks in pool decking; Clean debris from pool skimmers to prevent debris from entering pump,,,,
Other,Install/replace smoke detectors or CO detectors,7,Install smoke detectors in each bedroom per current safety standards; Install missing smoke detectors on each level and in each bedroom; Install CO detectors on first floor where not present,,,,
Other,"Garage door safety sensor, auto-reverse, or opener repair",6,Adjust garage door safety eye sensors to proper height for child safety; Reposition auto reverse sensors to 6 to 8 inches off the ground on either side of garage door; Adjust garage door opener auto-reverse pressure/sensitivity to pass 2x4 block test,,,,
Other,"Pest/termite inspection and treatment (WDO, CL-100)",5,Obtain CL100 inspection and treat past wood destroying pest activity; Evaluate and address scraped termite tube; Obtain CL-100 termite inspection and evaluate indications of past WDO treatment/activity,,,,
Other,Rodent/pest intrusion evaluation and remediation,6,"Evaluate attic for rodent activity, seal pest entry points, and disinfect attic; Address mice/rodent activity and contact pest control specialist; Evaluate and treat attic insulation for vermin burrowing and trails",,,,
Other,Surface fungi/mold treatment and moisture control,3,Treat and remediate scattered surface fungi; Address surface fungi in crawlspace and improve moisture control measures; Repair inactive wood destroying fungi damage,,,,
Other,"Crawlspace cleaning, vapor barrier, or vent repair",7,"Remove personal property and debris from crawlspace; Replace or repair displaced, deteriorated, or missing vapor barrier; Clean debris and vegetation from crawlspace vent wells",,,,
Other,Repair/replace attic pull-down stairs,4,Evaluate and repair or replace old pull down attic stairs; Attic pull down stair hardware loose/damaged - repair for safety; Repair loose or missing hardware on attic pull-down stairs,,,,
Other,Repair/replace bathroom exhaust fan,3,Repair or replace non-operational bathroom vent fan; Repair or replace inoperable bathroom exhaust fan; Install exhaust vent fan,,,,
Other,"Garage door opener minor repairs (light cover, chain, wall switch)",5,Repair or replace damaged/missing cover over light on garage door opener; Tighten loose chain on garage door opener; Install wall switch for garage door opener,,,,
Other,Fireplace/chimney miscellaneous safety items,6,Remove ash and debris from fireplace; Parge fireplace brick to prevent excess creosote buildup; Apply parge coat of insulating refractory mortar to smoke chamber interior surfaces,,,,
Other,Miscellaneous safety and property items,9,Install protective bollard/barrier to prevent vehicle from striking water heater; Repair or replace non-functional doorbell; Label gas meter to indicate which unit it serves,,,,
Appliances,Install dishwasher drain high loop or air gap,16,Install high loop or air gap at dishwasher drain line; Install high loop or air gap at dishwasher drain line to prevent backflow; Install high drip loop at dishwasher drain line,,,,
Appliances,Install anti-tip device on range/oven,22,Install anti-tip device on kitchen range for child safety; Install anti-tip bracket for range/oven; Missing anti-tip bracket for freestanding range,,,,
Appliances,"Repair/replace dishwasher door (spring, handle, seal, or binding)",13,Repair broken dishwasher door spring; Repair worn dishwasher door springs so door holds its own weight; Adjust dishwasher door to prevent rubbing on cabinet,,,,
Appliances,Secure or level dishwasher,8,Secure loose dishwasher in place; Secure loose dishwasher to countertop; Secure loose dishwasher to underside of countertop,,,,
Appliances,"Repair/service dishwasher (non-operational, draining, or cleaning)",9,Repair or replace non-functioning dishwasher; Repair dishwasher not draining properly; Clean algae buildup from dishwasher,,,,
Appliances,Repair/replace garbage disposal,16,Repair or replace inoperable garbage disposal; Evaluate and repair malfunctioning garbage disposal; Repair or replace excessively noisy garbage disposal,,,,
Appliances,"Repair/replace garbage disposal components (conduit, splash guard, wiring)",5,Secure loose conduit at base of garbage disposal; Replace missing or damaged rubber splash guard on garbage disposal; Install missing protective conduit on garbage disposal wiring,,,,
Appliances,Clean or replace range hood/microwave grease filters,8,Clean grease-clogged range hood vent filters; Clean or replace grease-laden microwave filters to eliminate fire hazard; Replace missing grease filters on microwave,,,,
Appliances,"Replace light bulb in range hood, microwave, or oven",17,Replace non-operational surface light bulb under microwave; Replace non-functioning oven light bulb; Replace burned-out light bulbs in range hood,,,,
Appliances,Repair/replace range hood vent fan or exhaust fan light,7,Repair non-functional exhaust fan light; Repair or replace non-functional exhaust fan light(s); Evaluate and repair noisy range hood exhaust fan,,,,
Appliances,Install or repair range hood exhaust venting to exterior,10,Install range hood or exhaust system above range/cooktop; Extend kitchen range fan vent from attic to exterior; Re-route range hood exhaust duct to terminate at exterior rather than into attic,,,,
Appliances,"Repair/replace or service range, oven, or cooktop",10,Repair general damage to stove/range; Repair or replace worn electric cooktop; Evaluate and repair oven top element that heats during bake mode,,,,
Appliances,Repair/replace gas burner igniter on range or cooktop,7,Repair or replace non-functioning gas burner igniter; Evaluate and repair gas range burner ignition; Repair gas cooktop burners that will not ignite,,,,
Appliances,Repair/replace oven door seal or handle,5,Repair or replace damaged/unsecured oven door seal; Replace damaged/missing oven door seal; Repair or replace loose/damaged oven door handle,,,,
Appliances,"Secure, level, or mount microwave above range",4,"Secure loose microwave above kitchen range in place; Level built-in microwave; Relevel, redrill mounting holes, and fully secure microwave to cabinet",,,,
Appliances,"Repair/replace microwave handle, filter, or components",4,Repair or replace built-in microwave with broken handle; Replace damaged/missing microwave handle; Replace damaged grease filter under microwave for proper ventilation,,,,
Appliances,Repair/replace or service refrigerator,11,Repair or replace inoperable refrigerator; Refrigerator doors not closing properly causing audible alarm; Evaluate and repair inoperable refrigerator water dispenser or install water supply line,,,,
Appliances,"Replace refrigerator components (filter, shelf, drawer, handle, seal)",7,Replace refrigerator water and air filter; Replace missing freezer shelf in refrigerator; Tighten loose refrigerator door handle,,,,
Appliances,Evaluate and test ice maker,3,Evaluate and test ice maker to ensure proper operation; Confirm ice maker operation prior to close; Evaluate and repair refrigerator water/ice dispenser that did not function,,,,
Appliances,Repair or replace dryer vent duct and routing,7,Reconnect dryer vent pipe to exterior cap; Replace flexible dryer vent duct with rigid hard pipe that exits to exterior of home; Evaluate and repair dryer vent duct that has been discharging into crawlspace,,,,
Appliances,Repair/service dryer or washing machine,6,Level wobbly/unlevel clothes dryer; Repair or replace inoperable dryer; Evaluate and repair washing machine that did not complete full cycle and has loud/loose drum,,,,
Appliances,Repair/replace damaged laundry appliance controls or components,3,Repair or replace damaged washing machine control knob; Evaluate and repair washing machine LF error code; Repair or replace damaged control covers on laundry appliances,,,,
Appliances,Clean lint buildup from dryer vent system,1,Clean lint buildup from dryer vent system,,,,
Appliances,Repair/replace garage door opener or sensors,4,Repair or replace non-functional garage door opener(s); Adjust garage door safety photo eye sensors - installed too high; Mount garage door photoelectric eye sensor properly,,,,
Appliances,"Repair/replace specialty appliances (wine cooler, jetted tub, outdoor kitchen, dog wash)",5,Repair or replace inoperable wine cooler; Repair or replace non-functional jetted tub control; Evaluate and repair non-functional gas grill at outdoor kitchen,,,,
Insulation,Repair/replace fallen or damaged crawlspace floor insulation,40,Repair and replace fallen and damaged crawlspace insulation; Re-secure fallen insulation between floor joists in crawlspace; Replace missing or damaged fiberglass batt insulation in crawlspace,,,,
Insulation,Install or upgrade attic insulation to meet R-value standards,22,Install additional attic insulation to meet current energy standards; Attic insulation below current standards - add insulation to achieve R-30 rating; Replace missing attic insulation over living area to achieve minimum R-38 value,,,,
Insulation,Insulate and weatherstrip attic pull-down stairs or access hatch,28,Insulate back side of attic pull-down stairs to prevent heat and air loss; Add insulation at pull down attic stairs and knee wall closet doors; Insulate pull down attic stair access opening with insulated cover or batt insulation,,,,
Insulation,Install or repair crawlspace vapor barrier for full ground coverage,22,Repair or replace damaged and missing vapor barrier in crawlspace; Install 6 mil black plastic moisture barrier covering approximately 100% of crawlspace soil; Repair gaps in crawlspace vapor barrier/encapsulation material for full coverage,,,,
Insulation,Reinstall crawlspace insulation with vapor barrier correctly facing subfloor,4,Reinstall crawlspace insulation correctly with vapor barrier facing the sub floor; Reinstall crawlspace/basement insulation correctly with vapor barrier facing the subfloor; Upgrade crawl space floor insulation from 3.5 inch to minimum 6.25 inch R-19,,,,
Insulation,"Address comprehensive crawlspace moisture issues (water intrusion, vapor barrier, ventilation, fungal growth)",4,"Address crawlspace moisture issues including water intrusion, fungal growth on joists and beams, fallen insulation, vapor barrier, and ventilation improvements; Correct crawlspace moisture issues including water intrusion, install proper vapor barrier, repair missing vent covers, and verify dehumidifier and pump operation; Correct crawlspace moisture issues including vapor barrier installation, vent cover repairs, water intrusion correction, and dehumidifier inspection",,,,
Insulation,Repair or redistribute disturbed/displaced attic insulation,6,Redistribute and properly spread disturbed attic insulation sections; Repair displaced blown-in insulation to recommended depth; Add insulation to areas with missing or minimal insulation in attic,,,,
Insulation,Insulate and weatherstrip attic access door or scuttle panel,10,Insulate and weatherstrip attic hatch/door; Install insulation on backside of attic access door to prevent heat and air loss; Insulate and weatherstrip scuttle hole attic access panel,,,,
Insulation,Replace or repair attic access hatch/door,2,Replace damaged attic hatch/door; Adjust/repair attic pull-down stairs so they close and seal properly,,,,
Insulation,"Install or repair crawlspace/attic ventilation (soffit vents, crawlspace vents)",8,Clear or add soffit vents to provide proper attic ventilation; Provide ventilation for unventilated crawlspace area below master bedroom; Address marginal crawlspace ventilation (consider sealing vents and installing dehumidifier),,,,
Insulation,Replace or repair missing/damaged crawlspace vent covers and screens,5,Replace or repair missing and damaged crawlspace vents and screens; Replace missing functional covers on crawl space foundation vents; Remove sealed crawlspace vent barriers or install dehumidifier to maintain proper moisture levels,,,,
Insulation,Reroute bathroom exhaust fan to vent to building exterior,4,Reroute bathroom exhaust fan vent to exterior instead of soffit; Reroute bathroom exhaust fans to vent to exterior instead of attic; Reroute bathroom exhaust fan(s) to vent to building exterior instead of into attic,,,,
Insulation,Insulate exposed water pipes to prevent freezing or condensation,6,Install insulation on water pipes; Insulate exposed attic water supply pipes to prevent freezing; Insulate supply boots under home to prevent condensation and moisture buildup on subfloor,,,,
Insulation,Repair or replace damaged ductwork insulation,3,Insulate partially uninsulated ductwork in crawlspace; Repair or replace torn/damaged ductwork insulation to prevent heating and cooling air loss; Replace or secure missing/loose duct insulation in isolated areas,,,,
Insulation,Install fire barrier between flue pipe and attic insulation,1,Install fire barrier between flue pipe and insulation in attic,,,,
Insulation,Seal gaps at penetrations between crawlspace and living areas,1,"Seal gaps at penetrations from crawlspace to home, garage, and/or basement",,,,
Insulation,Rodent/pest activity in attic insulation - remediation and evaluation,3,Have pest control evaluate evidence of vermin burrowing and trails in attic insulation; Tunneling in attic insulation associated with rodent/mice activity - needs remediation; Repair or replace damaged gable vent screen to prevent rodent entry,,,,
Insulation,Test vermiculite insulation for asbestos and remediate as needed,1,Test vermiculite insulation for asbestos and repair/remove as required,,,,
Insulation,Insulate uninsulated wall cavities or chases in attic,3,Add insulation to uninsulated wall at vaulted ceiling area in attic; Insulate uninsulated wall cavities and chases; Install missing insulation in framed attic walls,,,,
Insulation,Repair or replace exterior vent cap/cover to prevent pest and moisture intrusion,4,"Repair or replace missing or damaged auto-closing exterior vent cover; Seal exterior vent cover to prevent water and pest intrusion; Replace exterior dryer vent cap to prevent rodent, bird, and insect intrusion",,,,
Insulation,Clean dryer vent duct of lint debris,1,Clean heavy lint debris from dryer vent duct to prevent fire hazard,,,,
Insulation,Install bathroom ventilation fans where missing,1,Install bathroom ventilation fans in both areas of master bathroom,,,,
Insulation,Repair or adjust attic pull-down stair mechanism,1,Cut foldaway attic stair legs flush to floor so ladder fully extends and joints close properly,,,,
Garage,Seal/repair cracks in garage concrete slab,4,Monitor and repair minor/moderate concrete slab cracks; Seal cracks in garage slab to prevent moisture penetration; Monitor or repair minor/moderate cracks in garage concrete slab,,,,
Garage,Repair/replace garage door weather stripping,3,Replace or repair missing/damaged garage door weather stripping; Secure loose weatherstripping around garage door; Repair or replace damaged/missing insulation panels on garage door,,,,
Garage,Adjust/reposition garage door safety sensors,4,Raise photoelectric eye sensors to 6-8 inches from floor; Adjust garage door auto-reversing sensors to 4-6 inches above ground; Reposition auto reverse sensors to 6 to 8 inches off the ground on either side of garage door,,,,
Garage,Repair/replace garage door opener (unit or components),3,Repair or replace non-functional garage door opener light on both openers; Repair or replace non-functional garage door opener push button on left Genie opener; Repair or replace aged Legacy garage door opener unit,,,,
Garage,Patch holes in garage ceiling/walls for fire rating,2,Patch hole(s) in garage ceiling/walls to maintain fire rating; Patch holes in garage ceiling/walls to maintain fire rating,,,,
Garage,Seal gaps/drywall for fire separation,3,Seal drywall gap larger than 1/8 inch for fire separation; Install fire caulking where pipes and wires penetrate garage walls and ceiling; Seal cracks in garage slab,,,,
Garage,Upgrade/repair garage firewall to fire separation standards,3,Upgrade garage walls to meet proper fire separation requirements; Evaluate and bring garage firewall up to current fire-separation standards; Finish garage ceilings/walls to meet today's fire-blocking safety standards,,,,
Garage,Install safety cables on garage door springs,1,Install safety cables on garage door springs,,,,
Garage,Clean and lubricate garage door tracks,1,Clean and lubricate garage door tracks and railings,,,,
Garage,Repair garage door mounting/header system,2,Repair garage door mount system pulling away from ceiling; Repair header and/or seal gaps above garage door,,,,
Garage,Repair garage door safety sensor operation,1,Repair/adjust safety sensors on back garage door to allow door to close properly,,,,
Garage,Repair garage steps (non-compliant riser heights),1,Repair garage steps with non-compliant riser heights,,,,
Garage,Repair/replace damaged garage wall paneling,1,Repair or replace peeling and deteriorating wall paneling,,,,
Garage,Investigate water staining on garage ceiling,1,Investigate water stains on garage closet ceiling above water heater,,,,
Fireplace,"Inspect and repair firebox masonry (bricks, mortar, gaps)",3,Evaluate suitability of epoxy used to secure loose bricks inside firebox and repair if needed; Evaluate and repair gap between firebox and brick fireplace surround; Replace cracked firebrick in fireplace,,,,
Fireplace,Install or replace fireplace screen,1,Install fireplace screen,,,,
Fireplace,Clean fireplace and remove ash/debris,1,Remove ash and debris from fireplace,,,,
Fireplace,Clean/sweep chimney flue and remove creosote buildup,1,Have licensed chimney sweep clean creosote buildup from fireplace flue,,,,
Fireplace,Repair or replace gas logs/ignition system,3,Repair gas logs that do not respond to switch; Evaluate and repair non-functional gas fireplace logs; Evaluate and upgrade gas starter in fireplace to meet current safety standards with pilot light system,,,,
Site Elements,Regrade soil/yard for positive drainage away from foundation,2,Regrade soil to provide positive slope away from foundation; Address low areas with damp soil conditions conducive to ponding/pooling,,,,
Site Elements,Seal cracks in concrete flatwork (patio/walkway/driveway),1,Seal cracks in patio concrete,,,,
Garage/Carport,Repair/replace garage door weather stripping,2,Replace damaged and missing garage door weather stripping at top and sides; Adjust garage door to properly seal opening at top when closed due to slab settlement,,,,
Garage/Carport,Treat active termites in garage,1,Treat active termites observed in garage; evaluate for concealed damage,,,,
Ventilation,Repair/install attic gable vent screen,1,Install/repair screen on attic gable vents to keep out pests,,,,
Ventilation,Repair/reconnect dryer vent and extend to exterior,1,Reconnect disconnected dryer vent in crawl space and extend to exterior,,,,
Ventilation,Secure/replace dryer vent exterior rain cap,1,Secure dryer vent rain cap to exterior wall,,,,
Kitchen,Caulk countertop gaps,2,Apply caulking around countertops where gapped or missing; Refresh caulk at countertop gaps to prevent water intrusion,,,,
Bathrooms,Repair/replace damaged or swollen cabinetry,1,Repair moisture damage and swollen bottom shelf of cabinet,,,,
Bathrooms,Repair/replace swollen or water-damaged baseboards,1,Repair or replace swollen MDF baseboards near shower,,,,
Safety,Secure/repair loose smoke detector,1,Smoke detector dangling from its wiring - secure as needed,,,,
Attic & Roof Structure,Investigate and repair moisture staining on roof framing,1,Investigate moisture staining on roof framing members and repair as needed,,,,
Pest/Rodent,Evaluate and remediate rodent tunneling in insulation,1,Evaluate and remediate rodent tunneling in insulation,,,,
Cosmetic,Touch up/repaint windowsill or trim,1,Touch up windowsill trim,,,,
